Name,Year of birth,party,State
Michael von Abercron,1952[1],CDU,Schleswig-Holstein
Doris Achelwilm,1976[3],The Left,Bremen
Grigorios Aggelidis,1965[4],FDP,Lower Saxony
Gökay Akbulut,1982[5],The Left,Baden-Württemberg
Stephan Albani,1968[6],CDU,Lower Saxony
Renata Alt,1965[7],FDP,Baden-Württemberg
Norbert Altenkamp,1972[8],CDU,Hesse
Peter Altmaier,1958[10],CDU,Saarland
Philipp Amthor,1992[12],CDU,Mecklenburg-Vorpommern
Luise Amtsberg,1984[14],Greens,Schleswig-Holstein
Niels Annen,1973[15],SPD,Hamburg
Ingrid Arndt-Brauer,1961[17],SPD,North Rhine-Westphalia
Christine Aschenberg-Dugnus,1959[18],FDP,Schleswig-Holstein
Artur Auernhammer,1963[19],CSU,Bavaria
Peter Aumer,1976[21],CSU,Bavaria
Bela Bach,1990[23],SPD,Bavaria
Lisa Badum,1983[24],Greens,Bavaria
Heike Baehrens,1955[25],SPD,Baden-Württemberg
Annalena Baerbock,1980[26],Greens,Brandenburg
Ulrike Bahr,1964[27],SPD,Bavaria
Dorothee Bär,1978[28],CSU,Bavaria
Nezahat Baradari,1965[30],SPD,North Rhine-Westphalia
Thomas Bareiß,1975[32],CDU,Baden-Württemberg
Doris Barnett,1953[34],SPD,Rhineland-Palatinate
Simone Barrientos,1963[35],The Left,Bavaria
Norbert Barthle,1952[36],CDU,Baden-Württemberg
Matthias Bartke,1959[38],SPD,Hamburg
Sören Bartol,1974[40],SPD,Hesse
Dietmar Bartsch,1958[42],The Left,Mecklenburg-Vorpommern
Bärbel Bas,1968[43],SPD,North Rhine-Westphalia
Nicole Bauer,1987[45],FDP,Bavaria
Bernd Baumann,1958[46],AfD,Hamburg
Margarete Bause,1959[47],Greens,Bavaria
Danyal Bayaz,1983[48],Greens,Baden-Württemberg
Canan Bayram,1966[49],Greens,Berlin
Jens Beeck,1969[51],FDP,Lower Saxony
Olaf in der Beek,1967[52],FDP,North Rhine-Westphalia
Maik Beermann,1981[53],CDU,Lower Saxony
Manfred Behrens,1956[55],CDU,Saxony-Anhalt
Veronika Bellmann,1960[57],CDU,Saxony
Sybille Benning,1961[59],CDU,North Rhine-Westphalia
André Berghegger,1972[61],CDU,Lower Saxony
Marc Bernhard,1972[63],AfD,Baden-Württemberg
Melanie Bernstein,1976[64],CDU,Schleswig-Holstein
Christoph Bernstiel,1984[66],CDU,Saxony-Anhalt
Lorenz Gösta Beutin,1978[68],The Left,Schleswig-Holstein
Peter Beyer,1970[69],CDU,North Rhine-Westphalia
Marc Biadacz,1979[71],CDU,Baden-Württemberg
Steffen Bilger,1979[73],CDU,Baden-Württemberg
Lothar Binding,1950[75],SPD,Baden-Württemberg
Matthias W. Birkwald,1961[76],The Left,North Rhine-Westphalia
Andreas Bleck,1988[77],AfD,Rhineland-Palatinate
Peter Bleser,1952[78],CDU,Rhineland-Palatinate
Heidrun Bluhm,1958[80],The Left,Mecklenburg-Vorpommern
Peter Boehringer,1969[81],AfD,Bavaria
Norbert Brackmann,1954[82],CDU,Schleswig-Holstein
Michael Brand,1973[84],CDU,Hesse
Jens Brandenburg,1986[86],FDP,Baden-Württemberg
Mario Brandenburg,1983[87],FDP,Rhineland-Palatinate
Reinhard Brandl,1977[88],CSU,Bavaria
Stephan Brandner,1966[90],AfD,Thuringia
Michel Brandt,1990[91],The Left,Baden-Württemberg
Franziska Brantner,1979[92],Greens,Baden-Württemberg
Helge Braun,1972[93],CDU,Hesse
Jürgen Braun,1961[95],AfD,Baden-Württemberg
Eberhard Brecht,1950[96],SPD,Saxony-Anhalt
Silvia Breher,1973[97],CDU,Lower Saxony
Sebastian Brehm,1971[99],CSU,Bavaria
Heike Brehmer,1962[101],CDU,Saxony-Anhalt
Leni Breymaier,1960[103],SPD,Baden-Württemberg
Ralph Brinkhaus,1968[104],CDU,North Rhine-Westphalia
Carsten Brodesser,1967[106],CDU,North Rhine-Westphalia
Agnieszka Brugger,1985[108],Greens,Baden-Württemberg
Karl-Heinz Brunner,1953[109],SPD,Bavaria
Sandra Bubendorfer-Licht,1969[110],FDP,Bavaria
Christine Buchholz,1971[111],The Left,Hesse
Katrin Budde,1965[112],SPD,Saxony-Anhalt
Marcus Bühl,1977[113],AfD,Thuringia
Birke Bull-Bischoff,1963[114],The Left,Saxony-Anhalt
Marco Bülow,1971[115],Die PARTEI (ex-SPD),North Rhine-Westphalia
Marco Buschmann,1977[117],FDP,North Rhine-Westphalia
Karlheinz Busen,1951[118],FDP,North Rhine-Westphalia
Matthias Büttner,1990[119],AfD,Saxony-Anhalt
Petr Bystron,1972[120],AfD,Bavaria
Lars Castellucci,1974[121],SPD,Baden-Württemberg
Jörg Cezanne,1958[122],The Left,Hesse
Anna Christmann,1983[123],Greens,Baden-Württemberg
Tino Chrupalla,1975[124],AfD,Saxony
Gitta Connemann,1964[126],CDU,Lower Saxony
Joana Cotar,1973[128],AfD,Hesse
Carl-Julius Cronenberg,1962[129],FDP,North Rhine-Westphalia
Gottfried Curio,1960[130],AfD,Berlin
Sevim Da_delen,1975[131],The Left,North Rhine-Westphalia
Bernhard Daldrup,1956[132],SPD,North Rhine-Westphalia
Astrid Damerow,1958[133],CDU,Schleswig-Holstein
Britta Dassler,1964[135],FDP,Bavaria
Diether Dehm,1950[136],The Left,Lower Saxony
Ekin Deligöz,1971[137],Greens,Bavaria
Karamba Diaby,1961[138],SPD,Saxony-Anhalt
Esther Dilcher,1965[139],SPD,Hesse
Sabine Dittmar,1964[141],SPD,Bavaria
Bijan Djir-Sarai,1976[142],FDP,North Rhine-Westphalia
Alexander Dobrindt,1970[143],CSU,Bavaria
Anke Domscheit-Berg,1968[145],The Left,Brandenburg
Michael Donth,1967[146],CDU,Baden-Württemberg
Katja Dörner,1976[148],Greens,North Rhine-Westphalia
Marie-Luise Dött,1953[149],CDU,North Rhine-Westphalia
Siegbert Droese,1969[150],AfD,Saxony
Katharina Dröge,1984[151],Greens,North Rhine-Westphalia
Christian Dürr,1977[152],FDP,Lower Saxony
Hansjörg Durz,1971[153],CSU,Bavaria
Hartmut Ebbing,1956[155],FDP,Berlin
Harald Ebner,1964[156],Greens,Baden-Württemberg
Thomas Ehrhorn,1959[157],AfD,Lower Saxony
Berengar Elsner von Gronow,1978[158],AfD,North Rhine-Westphalia
Thomas Erndl,1974[159],CSU,Bavaria
Klaus Ernst,1954[161],The Left,Bavaria
Wiebke Esdar,1984[162],SPD,North Rhine-Westphalia
Saskia Esken,1961[164],SPD,Baden-Württemberg
Michael Espendiller,1989[165],AfD,North Rhine-Westphalia
Marcus Faber,1984[166],FDP,Saxony-Anhalt
Yasmin Fahimi,1967[167],SPD,Lower Saxony
Hermann Färber,1963[169],CDU,Baden-Württemberg
Johannes Fechner,1972[171],SPD,Baden-Württemberg
Uwe Feiler,1965[172],CDU,Brandenburg
Fritz Felgentreu,1968[174],SPD,Berlin
Peter Felser,1969[176],AfD,Bavaria
Enak Ferlemann,1963[177],CDU,Lower Saxony
Susanne Ferschl,1973[179],The Left,Bavaria
Axel Fischer,1966[180],CDU,Baden-Württemberg
Maria Flachsbarth,1963[182],CDU,Lower Saxony
Daniel Föst,1976[183],FDP,Bavaria
Edgar Franke,1960[184],SPD,Hesse
Ulrich Freese,1951[186],SPD,Brandenburg
Thorsten Frei,1973[187],CDU,Baden-Württemberg
Brigitte Freihold,1955[189],The Left,Rhineland-Palatinate
Dagmar Freitag,1953[190],SPD,North Rhine-Westphalia
Otto Fricke,1965[192],FDP,North Rhine-Westphalia
Dietmar Friedhoff,1966[193],AfD,Lower Saxony
Hans-Peter Friedrich,1957[194],CSU,Bavaria
Anton Friesen,1985[196],AfD,Thuringia
Michael Frieser,1964[197],CSU,Bavaria
Markus Frohnmaier,1991[199],AfD,Baden-Württemberg
Götz Frömming,1968[200],AfD,Berlin
Hans-Joachim Fuchtel,1952[201],CDU,Baden-Württemberg
Sylvia Gabelmann,1958[203],The Left,North Rhine-Westphalia
Ingo Gädechens,1960[204],CDU,Schleswig-Holstein
Matthias Gastel,1970[206],Greens,Baden-Württemberg
Alexander Gauland,1941[207],AfD,Brandenburg
Thomas Gebhart,1971[208],CDU,Rhineland-Palatinate
Kai Gehring[210],1977[210],Greens,North Rhine-Westphalia
Axel Gehrke,1942[211],AfD,Schleswig-Holstein
Stefan Gelbhaar,1976[212],Greens,Berlin
Michael Gerdes,1960[213],SPD,North Rhine-Westphalia
Alois Gerig,1956[215],CDU,Baden-Württemberg
Martin Gerster,1971[217],SPD,Baden-Württemberg
Eberhard Gienger,1951[218],CDU,Baden-Württemberg
Albrecht Glaser,1942[220],AfD,Hesse
Angelika Glöckner,1962[221],SPD,Rhineland-Palatinate
Franziska Gminder,1945[222],AfD,Baden-Württemberg
Eckhard Gnodtke,1958[223],CDU,Saxony-Anhalt
Nicole Gohlke,1975[225],The Left,Bavaria
Katrin Göring-Eckardt,1966[226],Greens,Thuringia
Wilhelm von Gottberg,1940[227],AfD,Lower Saxony
Kay Gottschalk,1965[228],AfD,North Rhine-Westphalia
Timon Gremmels,1976[229],SPD,Hesse
Kerstin Griese,1966[231],SPD,North Rhine-Westphalia
Ursula Groden-Kranich,1965[232],CDU,Rhineland-Palatinate
Hermann Gröhe,1961[234],CDU,North Rhine-Westphalia
Klaus-Dieter Gröhler,1966[236],CDU,Berlin
Michael Groß,1956[238],SPD,North Rhine-Westphalia
Michael Grosse-Brömer,1960[240],CDU,Lower Saxony
Astrid Grotelüschen,1964[242],CDU,Lower Saxony
Uli Grötsch,1975[244],SPD,Bavaria
Markus Grübel,1959[245],CDU,Baden-Württemberg
Manfred Grund,1955[247],CDU,Thuringia
Erhard Grundl,1963[249],Greens,Bavaria
Oliver Grundmann,1971[250],CDU,Lower Saxony
Monika Grütters,1962[252],CDU,Berlin
Fritz Güntzler,1966[253],CDU,Lower Saxony
Olav Gutting,1970[254],CDU,Baden-Württemberg
Gregor Gysi,1948[256],The Left,Berlin
Christian Haase,1966,CDU,North Rhine-Westphalia
Thomas Hacker,1967,FDP,Bavaria
Bettina Hagedorn,1955,SPD,Schleswig-Holstein
Rita Hagl-Kehl,1970,SPD,Bavaria
André Hahn,1963,The Left,Saxony
Florian Hahn,1974,CSU,Bavaria
Anja Hajduk,1963,The Left,Hamburg
Metin Hakverdi,1969,SPD,Hamburg
Armin-Paul Hampel,1957,AfD,Lower Saxony
Reginald Hanke,1956,FDP,Thuringia
Heike Hänsel,1966,The Left,Baden-Württemberg
Mariana Harder-Kühnel,1974,AfD,Hesse
Jürgen Hardt,1963,CDU,North Rhine-Westphalia
Sebastian Hartmann,1977,SPD,North Rhine-Westphalia
Verena Hartmann,1974,Independent (ex AfD)[263],Saxony
Roland Hartwig,1954,AfD,North Rhine-Westphalia
Britta Haßelmann,1961,Greens,North Rhine-Westphalia
Matthias Hauer,1977,CDU,North Rhine-Westphalia
Jochen Haug,1973,AfD,North Rhine-Westphalia
Mark Hauptmann,1984,CDU,Thuringia
Martin Hebner,1959,AfD,Bavaria
Dirk Heidenblut,1961,SPD,North Rhine-Westphalia
Matthias Heider,1966,CDU,North Rhine-Westphalia
Peter Heidt,1965,FDP,Hesse
Hubertus Heil,1972,SPD,Lower Saxony
Mechthild Heil,1961,CDU,Rhineland-Palatinate
Thomas Heilmann,1964,CDU,Berlin
Frank Heinrich,1964,CDU,Saxony
Gabriela Heinrich,1963,SPD,Bavaria
Marcus Held,1977,SPD,Rhineland-Palatinate
Mark Helfrich,1978,CDU,Schleswig-Holstein
Katrin Helling-Plahr,1986,FDP,North Rhine-Westphalia
Wolfgang Hellmich,1958,SPD,North Rhine-Westphalia
Udo Hemmelgarn,1959,AfD,North Rhine-Westphalia
Barbara Hendricks,1952,SPD,North Rhine-Westphalia
Rudolf Henke,1954,CDU,North Rhine-Westphalia
Michael Hennrich,1965,CDU,Baden-Württemberg
Marc Henrichmann,1976,CDU,North Rhine-Westphalia
Markus Herbrand,1971,FDP,North Rhine-Westphalia
Torsten Herbst,1973,FDP,Saxony
Waldemar Herdt,1962,AfD,Lower Saxony
Lars Hermann,1977[275],Independent (ex AfD),Saxony
Gustav Herzog,1958,SPD,Rhineland-Palatinate
Martin Hess,1971,AfD,Baden-Württemberg
Katja Hessel,1972,FDP,Bavaria
Heiko Heßenkemper,1956,AfD,Saxony
Ansgar Heveling,1972,CDU,North Rhine-Westphalia
Gabriele Hiller-Ohm,1953,SPD,Schleswig-Holstein
Karsten Hilse,1964,AfD,Saxony
Christian Hirte,1976,CDU,Thuringia
Heribert Hirte,1958,CDU,North Rhine-Westphalia
Thomas Hitschler,1982,SPD,Rhineland-Palatinate
Nicole Höchst,1970,AfD,Rhineland-Palatinate
Gero Clemens Hocker,1975,FDP,Lower Saxony
Manuel Höferlin,1973,FDP,Rhineland-Palatinate
Alexander Hoffmann,1975,CSU,Bavaria
Bettina Hoffmann,1960,Greens,Hesse
Christoph Hoffmann,1957,FDP,Baden-Württemberg
Anton Hofreiter,1970,Greens,Bavaria
Martin Hohmann,1948,AfD,Hesse
Matthias Höhn,1975,The Left,Saxony-Anhalt
Bruno Hollnagel,1948,AfD,Schleswig-Holstein
Leif-Erik Holm,1970,AfD,Mecklenburg-Vorpommern
Karl Holmeier,1956,CSU,Bavaria
Ottmar von Holtz,1961,Greens,Lower Saxony
Hendrik Hoppenstedt,1972,CDU,Lower Saxony
Reinhard Houben,1960,FDP,North Rhine-Westphalia
Johannes Huber,1987,AfD,Bavaria
Andrej Hunko,1963,The Left,North Rhine-Westphalia
Ulla Ihnen,1956,FDP,Lower Saxony
Erich Irlstorfer,1970,CSU,Bavaria
Hans-Jürgen Irmer,1952,CDU,Hesse
Fabian Jacobi,1973,AfD,North Rhine-Westphalia
Dieter Janecek,1976,Greens,Bavaria
Thomas Jarzombek,1973,CDU,North Rhine-Westphalia
Ulla Jelpke,1951,The Left,North Rhine-Westphalia
Gyde Jensen,1989,FDP,Schleswig-Holstein
Marc Jongen,1968,AfD,Baden-Württemberg
Andreas Jung,1975,CDU,Baden-Württemberg
Christian Jung,1977,FDP,Baden-Württemberg
Ingmar Jung,1978,CDU,Hesse
Frank Junge,1967,SPD,Mecklenburg-Vorpommern
Josip Juratovic,1959,SPD,Baden-Württemberg
Thomas Jurk,1962,SPD,Saxony
Oliver Kaczmarek,1970,SPD,North Rhine-Westphalia
Elisabeth Kaiser,1987,SPD,Thuringia
Uwe Kamann,1958,LKR (ex AfD),North Rhine-Westphalia
Kirsten Kappert-Gonther,1966,Greens,Bremen
Ralf Kapschack,1954,SPD,North Rhine-Westphalia
Alois Karl,1950,CSU,Bavaria
Anja Karliczek,1971,CDU,North Rhine-Westphalia
Torbjörn Kartes,1979,CDU,Rhineland-Palatinate
Kerstin Kassner,1958,The Left,Mecklenburg-Vorpommern
Gabriele Katzmarek,1960,SPD,Baden-Württemberg
Volker Kauder,1949,CDU,Baden-Württemberg
Stefan Kaufmann,1969,CDU,Baden-Württemberg
Uwe Kekeritz,1953,Greens,Bavaria
Ronja Kemmer,1989,CDU,Baden-Württemberg
Achim Kessler,1964,The Left,Hesse
Jens Kestner,1971,AfD,Lower Saxony
Katja Keul,1969,Greens,Lower Saxony
Stefan Keuter,1972,AfD,North Rhine-Westphalia
Roderich Kiesewetter,1963,CDU,Baden-Württemberg
Michael Kießling,1973,CSU,Bavaria
Sven-Christian Kindler,1985,Greens,Lower Saxony
Georg Kippels,1959,CDU,North Rhine-Westphalia
Katja Kipping,1978,The Left,Saxony
Cansel Kiziltepe,1975,SPD,Berlin
Arno Klare,1952,SPD,North Rhine-Westphalia
Karsten Klein,1977,FDP,Bavaria
Volkmar Klein,1960,CDU,North Rhine-Westphalia
Maria Klein-Schmeink,1958,Greens,North Rhine-Westphalia
Norbert Kleinwächter,1986,AfD,Brandenburg
Lars Klingbeil,1978,SPD,Lower Saxony
Marcel Klinge,1980,FDP,Baden-Württemberg
Daniela Kluckert,1980,FDP,Berlin
Axel Knoerig,1967,CDU,Lower Saxony
Pascal Kober,1971,FDP,Baden-Württemberg
Jens Koeppen,1962,CDU,Brandenburg
Bärbel Kofler,1967,SPD,Bavaria
Lukas Köhler,1986,FDP,Bavaria
Daniela Kolbe,1980,SPD,Saxony
Enrico Komning,1968,AfD,Mecklenburg-Vorpommern
Jörn König,1967,AfD,Lower Saxony
Carina Konrad,1982,FDP,Rhineland-Palatinate
Markus Koob,1977,CDU,Hesse
Carsten Körber,1979,CDU,Saxony
Elvan Korkmaz,1985,SPD,North Rhine-Westphalia
Jan Korte,1977,The Left,Saxony-Anhalt
Steffen Kotré,1971,AfD,Brandenburg
Sylvia Kotting-Uhl,1952,Greens,Baden-Württemberg
Rainer Kraft,1974,AfD,Bavaria
Anette Kramme,1967,SPD,Bavaria
Alexander Krauß,1975,CDU,Saxony
Jutta Krellmann,1956,The Left,Lower Saxony
Gunther Krichbaum,1964,CDU,Baden-Württemberg
Günter Krings,1969,CDU,North Rhine-Westphalia
Oliver Krischer,1969,Greens,North Rhine-Westphalia
Rüdiger Kruse,1961,CDU,Hamburg
Wolfgang Kubicki,1952,FDP,Schleswig-Holstein
Michael Kuffer,1972,CSU,Bavaria
Konstantin Kuhle,1989,FDP,Lower Saxony
Christian Kühn,1979,Greens,Baden-Württemberg
Stephan Kühn,1979,Greens,Saxony
Roy Kühne,1967,CDU,Lower Saxony
Alexander Kulitz,1981,FDP,Baden-Württemberg
Renate Künast,1955,Greens,Berlin
Markus Kurth,1966,Greens,North Rhine-Westphalia
Christine Lambrecht,1965,SPD,Hesse
Alexander Graf Lambsdorff,1966,FDP,North Rhine-Westphalia
Karl A. Lamers,1951,CDU,Baden-Württemberg
Andreas Lämmel,1959,CDU,Saxony
Katharina Landgraf,1954,CDU,Saxony
Christian Lange,1964,SPD,Baden-Württemberg
Ulrich Lange,1969,CSU,Bavaria
Silke Launert,1976,CSU,Bavaria
Karl Lauterbach,1963,SPD,North Rhine-Westphalia
Caren Lay,1972,The Left,Saxony
Monika Lazar,1967,Greens,Saxony
Ulrich Lechte,1977,FDP,Bavaria
Jens Lehmann,1967,CDU,Saxony
Sven Lehmann,1979,Greens,North Rhine-Westphalia
Sylvia Lehmann,1954,SPD,Brandenburg
Paul Lehrieder,1959,CSU,Bavaria
Sabine Leidig,1961,The Left,Hesse
Katja Leikert,1975,CDU,Hesse
Steffi Lemke,1968,Greens,Saxony-Anhalt
Ralph Lenkert,1967,The Left,Thuringia
Andreas Lenz,1981,CSU,Bavaria
Michael Leutert,1974,The Left,Saxony
Antje Lezius,1960,CDU,Rhineland-Palatinate
Stefan Liebich,1972,The Left,Berlin
Helge Lindh,1976,SPD,North Rhine-Westphalia
Andrea Lindholz,1970,CSU,Bavaria
Christian Lindner,1979,FDP,North Rhine-Westphalia
Tobias Lindner,1982,Greens,Rhineland-Palatinate
Michael Georg Link,1963,FDP,Baden-Württemberg
Carsten Linnemann,1977,CDU,North Rhine-Westphalia
Patricia Lips,1963,CDU,Hesse
Nikolas Löbel,1986,CDU,Baden-Württemberg
Bernhard Loos,1955,CSU,Bavaria
Gesine Lötzsch,1961,The Left,Berlin
Rüdiger Lucassen,1951,AfD,North Rhine-Westphalia
Jan-Marco Luczak,1975,CDU,Berlin
Daniela Ludwig,1975,CSU,Bavaria
Saskia Ludwig,1975,CDU,Brandenburg
Kirsten Lühmann,1964,SPD,Lower Saxony
Oliver Luksic,1979,FDP,Saarland
Thomas Lutze,1969,The Left,Saarland
Karin Maag,1962,CDU,Baden-Württemberg
Heiko Maas,1966,SPD,Saarland
Isabel Mackensen,1986,SPD,Rhineland-Palatinate
Frank Magnitz,1952,AfD,Bremen
Yvonne Magwas,1979,CDU,Saxony
Jens Maier,1962,AfD,Saxony
Lothar Maier,1944,AfD,Baden-Württemberg
Thomas de Maizière,1954,CDU,Saxony
Birgit Malsack-Winkemann,1964,AfD,Berlin
Gisela Manderla,1958,CDU,North Rhine-Westphalia
Astrid Mannes,1967,CDU,Hesse
Till Mansmann,1968,FDP,Hesse
Caren Marks,1963,SPD,Lower Saxony
Matern von Marschall,1962,CDU,Baden-Württemberg
Jürgen Martens,1959,FDP,Saxony
Dorothee Martin,1978,SPD,Hamburg
Hans-Georg von der Marwitz,1961,CDU,Brandenburg
Fabio De Masi,1980,The Left,Hamburg
Katja Mast,1971,SPD,Baden-Württemberg
Christoph Matschie,1961,SPD,Thuringia
Andreas Mattfeldt,1969,CDU,Lower Saxony
Hilde Mattheis,1954,SPD,Baden-Württemberg
Stephan Mayer,1973,CSU,Bavaria
Pascal Meiser,1975,The Left,Berlin
Michael Meister,1961,CDU,Hesse
Angela Merkel,1954,CDU,Mecklenburg-Vorpommern
Jan Metzler,1981,CDU,Rhineland-Palatinate
Christoph Meyer,1975,FDP,Berlin
Corinna Miazga,1983,AfD,Bavaria
Hans Michelbach,1949,CSU,Bavaria
Mathias Middelberg,1964,CDU,Lower Saxony
Matthias Miersch,1968,SPD,Lower Saxony
Mario Mieruch,1975,LKR (ex AfD),North Rhine-Westphalia
Irene Mihalic,1976,Greens,North Rhine-Westphalia
Klaus Mindrup,1964,SPD,Berlin
Susanne Mittag,1958,SPD,Lower Saxony
Amira Mohamed Ali,1980,The Left,Lower Saxony
Cornelia Möhring,1960,The Left,Schleswig-Holstein
Falko Mohrs,1984,SPD,Lower Saxony
Claudia Moll,1968,SPD,North Rhine-Westphalia
Siemtje Möller,1983,SPD,Lower Saxony
Dietrich Monstadt,1957,CDU,Mecklenburg-Vorpommern
Karsten Möring,1949,CDU,North Rhine-Westphalia
Elisabeth Motschmann,1952,CDU,Bremen
Niema Movassat,1984,The Left,North Rhine-Westphalia
Andreas Mrosek,1958,AfD,Saxony-Anhalt
Alexander Müller,1969,FDP,Hesse
Axel Müller,1963,CDU,Baden-Württemberg
Bettina Müller,1959,SPD,Hesse
Carsten Müller,1970,CDU,Lower Saxony
Claudia Müller,1981,Greens,Mecklenburg-Vorpommern
Detlef Müller,1964,SPD,Saxony
Gerd Müller,1955,CSU,Bavaria
Hansjörg Müller,1968,AfD,Bavaria
Norbert Müller,1986,The Left,Brandenburg
Sepp Müller,1989,CDU,Saxony-Anhalt
Stefan Müller,1975,CSU,Bavaria
Roman Müller-Böhm,1992,FDP,North Rhine-Westphalia
Beate Müller-Gemmeke,1960,Greens,Baden-Württemberg
Frank Müller-Rosentritt,1982,FDP,Saxony
Michelle Müntefering,1980,SPD,North Rhine-Westphalia
Volker Münz,1964,AfD,Baden-Württemberg
Sebastian Münzenmaier,1989,AfD,Rhineland-Palatinate
Rolf Mützenich,1959,SPD,North Rhine-Westphalia
Zaklin Nastic,1980,The Left,Hamburg
Ingrid Nestle,1977,Greens,Schleswig-Holstein
Alexander Neu,1969,The Left,North Rhine-Westphalia
Christoph Neumann,1964,AfD,Saxony
Martin Neumann,1956,FDP,Brandenburg
Andreas Nick,1967,CDU,Rhineland-Palatinate
Petra Nicolaisen,1965,CDU,Schleswig-Holstein
Dietmar Nietan,1964,SPD,North Rhine-Westphalia
Ulli Nissen,1959,SPD,Hesse
Matthias Nölke,1980,FDP,Hesse
Michaela Noll,1959,CDU,North Rhine-Westphalia
Jan Nolte,1988,AfD,Hesse
Thomas Nord,1957,The Left,Brandenburg
Konstantin von Notz,1971,Greens,Schleswig-Holstein
Omid Nouripour,1975,Greens,Hesse
Georg Nüßlein,1969,CSU,Bavaria
Ulrich Oehme,1960,AfD,Saxony
Wilfried Oellers,1975,CDU,North Rhine-Westphalia
Thomas Oppermann,1954,SPD,Lower Saxony
Josephine Ortleb,1986,SPD,Saarland
Florian Oßner,1980,CSU,Bavaria
Friedrich Ostendorff,1953,Greens,North Rhine-Westphalia
Josef Oster,1971,CDU,Rhineland-Palatinate
Henning Otte,1968,CDU,Lower Saxony
Gerold Otten,1955,AfD,Bavaria
Cem Özdemir,1965,Greens,Baden-Württemberg
Mahmut Özdemir,1987,SPD,North Rhine-Westphalia
Aydan Özo_uz,1967,SPD,Hamburg
Ingrid Pahlmann,1957,CDU,Lower Saxony
Sylvia Pantel,1961,CDU,North Rhine-Westphalia
Markus Paschke,1973,SPD,Lower Saxony
Frank Pasemann,1960,AfD,Saxony-Anhalt
Martin Patzelt,1947,CDU,Brandenburg
Petra Pau,1963,The Left,Berlin
Lisa Paus,1968,Greens,Berlin
Sören Pellmann,1977,The Left,Saxony
Victor Perli,1982,The Left,Lower Saxony
Tobias Peterka,1982,AfD,Bavaria
Christian Petry,1965,SPD,Saarland
Frauke Petry,1975,Independent (ex AfD),Saxony
Joachim Pfeiffer,1967,CDU,Baden-Württemberg
Tobias Pflüger,1965,The Left,Baden-Württemberg
Detlev Pilger,1955,SPD,Rhineland-Palatinate
Stephan Pilsinger,1987,CSU,Bavaria
Christoph Ploß,1985,CDU,Hamburg
Paul Podolay,1946,AfD,Bavaria
Jürgen Pohl,1964,AfD,Thuringia
Filiz Polat,1978,Greens,Lower Saxony
Eckhard Pols,1962,CDU,Lower Saxony
Sabine Poschmann,1968,SPD,North Rhine-Westphalia
Achim Post,1959,SPD,North Rhine-Westphalia
Florian Post,1981,SPD,Bavaria
Florian Pronold,1972,SPD,Bavaria
Stephan Protschka,1977,AfD,Bavaria
Sascha Raabe,1968,SPD,Hesse
Martin Rabanus,1971,SPD,Hesse
Thomas Rachel,1962,CDU,North Rhine-Westphalia
Kerstin Radomski,1974,CDU,North Rhine-Westphalia
Alexander Radwan,1964,CSU,Bavaria
Alois Rainer,1965,CSU,Bavaria
Peter Ramsauer,1954,CSU,Bavaria
Mechthild Rawert,1957,SPD,Berlin
Eckhardt Rehberg,1954,CDU,Mecklenburg-Vorpommern
Martin Reichardt,1969,AfD,Saxony-Anhalt
Hagen Reinhold,1978,FDP,Mecklenburg-Vorpommern
Ingrid Remmers,1965,The Left,North Rhine-Westphalia
Martin Renner,1954,AfD,North Rhine-Westphalia
Martina Renner,1967,The Left,Thuringia
Roman Reusch,1954,AfD,Brandenburg
Bernd Reuther,1971,FDP,North Rhine-Westphalia
Daniela De Ridder,1962,SPD,Lower Saxony
Lothar Riebsamen,1957,CDU,Baden-Württemberg
Josef Rief,1960,CDU,Baden-Württemberg
Bernd Riexinger,1955,The Left,Baden-Württemberg
Andreas Rimkus,1962,SPD,North Rhine-Westphalia
Sönke Rix,1975,SPD,Schleswig-Holstein
Dennis Rohde,1986,SPD,Lower Saxony
Johannes Röring,1959,CDU,North Rhine-Westphalia
Martin Rosemann,1976,SPD,Baden-Württemberg
René Röspel,1964,SPD,North Rhine-Westphalia
Ernst Dieter Rossmann,1951,SPD,Schleswig-Holstein
Tabea Rößner,1966,Greens,Rhineland-Palatinate
Claudia Roth,1955,Greens,Bavaria
Michael Roth,1970,SPD,Hesse
Norbert Röttgen,1965,CDU,North Rhine-Westphalia
Manuela Rottmann,1972,Greens,Bavaria
Stefan Rouenhoff,1978,CDU,North Rhine-Westphalia
Erwin Rüddel,1955,CDU,Rhineland-Palatinate
Corinna Rüffer,1975,Greens,Rhineland-Palatinate
Albert Rupprecht,1968,CSU,Bavaria
Susann Rüthrich,1977,SPD,Saxony
Bernd Rützel,1968,SPD,Bavaria
Sarah Ryglewski,1983,SPD,Bremen
Johann Saathoff,1967,SPD,Lower Saxony
Manuel Sarrazin,1982,Greens,Hamburg
Thomas Sattelberger,1949,FDP,Bavaria
Stefan Sauer,1966,CDU,Hesse
Christian Sauter,1980,FDP,North Rhine-Westphalia
Anita Schäfer,1951,CDU,Rhineland-Palatinate
Axel Schäfer,1952,SPD,North Rhine-Westphalia
Frank Schäffler,1968,FDP,North Rhine-Westphalia
Wolfgang Schäuble,1942,CDU,Baden-Württemberg
Ulle Schauws,1966,Greens,North Rhine-Westphalia
Nina Scheer,1971,SPD,Schleswig-Holstein
Andreas Scheuer,1974,CSU,Bavaria
Marianne Schieder,1962,SPD,Bavaria
Udo Schiefner,1959,SPD,North Rhine-Westphalia
Ulrike Schielke-Ziesing,1969,AfD,Mecklenburg-Vorpommern
Jana Schimke,1979,CDU,Brandenburg
Wieland Schinnenburg,1958,FDP,Hamburg
Tankred Schipanski,1976,CDU,Thuringia
Robby Schlund,1967,AfD,Thuringia
Nils Schmid,1973,SPD,Baden-Württemberg
Christian Schmidt,1957,CSU,Bavaria
Dagmar Schmidt,1973,SPD,Hesse
Frithjof Schmidt,1953,Greens,North Rhine-Westphalia
Stefan Schmidt,1981,Greens,Bavaria
Ulla Schmidt,1949,SPD,North Rhine-Westphalia
Uwe Schmidt,1966,SPD,Bremen
Claudia Schmidtke,1966,CDU,Schleswig-Holstein
Carsten Schneider,1976,SPD,Thuringia
Jörg Schneider,1964,AfD,North Rhine-Westphalia
Charlotte Schneidewind-Hartnagel,1953,Greens,Baden-Württemberg
Patrick Schnieder,1968,CDU,Rhineland-Palatinate
Nadine Schön,1983,CDU,Saarland
Johannes Schraps,1983,SPD,Lower Saxony
Eva Schreiber,1958,The Left,Bavaria
Felix Schreiner,1986,CDU,Baden-Württemberg
Michael Schrodi,1977,SPD,Bavaria
Ursula Schulte,1952,SPD,North Rhine-Westphalia
Martin Schulz,1955,SPD,North Rhine-Westphalia
Swen Schulz,1968,SPD,Berlin
Uwe Schulz,1961,AfD,Hesse
Kordula Schulz-Asche,1956,Greens,Hesse
Klaus-Peter Schulze,1954,CDU,Brandenburg
Uwe Schummer,1957,CDU,North Rhine-Westphalia
Armin Schuster,1961,CDU,Baden-Württemberg
Frank Schwabe,1970,SPD,North Rhine-Westphalia
Stefan Schwartze,1974,SPD,North Rhine-Westphalia
Andreas Schwarz,1965,SPD,Bavaria
Rita Schwarzelühr-Sutter,1962,SPD,Baden-Württemberg
Torsten Schweiger,1968,CDU,Saxony-Anhalt
Matthias Seestern-Pauly,1984,FDP,Lower Saxony
Detlef Seif,1962,CDU,North Rhine-Westphalia
Thomas Seitz,1967,AfD,Baden-Württemberg
Johannes Selle,1956,CDU,Thuringia
Reinhold Sendker,1952,CDU,North Rhine-Westphalia
Patrick Sensburg,1971,CDU,North Rhine-Westphalia
Martin Sichert,1980,AfD,Bavaria
Bernd Siebert,1949,CDU,Hesse
Thomas Silberhorn,1968,CSU,Bavaria
Björn Simon,1981,CDU,Hesse
Frank Sitta,1978,FDP,Saxony-Anhalt
Petra Sitte,1960,The Left,Saxony-Anhalt
Judith Skudelny,1975,FDP,Baden-Württemberg
Hermann Otto Solms,1940,FDP,Hesse
Evrim Sommer,1971,The Left,Berlin
Tino Sorge,1975,CDU,Saxony-Anhalt
Jens Spahn,1980,CDU,North Rhine-Westphalia
Detlev Spangenberg,1944,AfD,Saxony
Dirk Spaniel,1971,AfD,Baden-Württemberg
Rainer Spiering,1956,SPD,Lower Saxony
René Springer,1979,AfD,Brandenburg
Svenja Stadler,1976,SPD,Lower Saxony
Katrin Staffler,1981,CSU,Bavaria
Martina Stamm-Fibich,1965,SPD,Bavaria
Bettina Stark-Watzinger,1968,FDP,Hesse
Frank Steffel,1966,CDU,Berlin
Sonja Steffen,1963,SPD,Mecklenburg-Vorpommern
Wolfgang Stefinger,1985,CSU,Bavaria
Albert Stegemann,1976,CDU,Lower Saxony
Andreas Steier,1972,CDU,Rhineland-Palatinate
Mathias Stein,1970,SPD,Schleswig-Holstein
Peter Stein,1968,CDU,Mecklenburg-Vorpommern
Sebastian Steineke,1973,CDU,Brandenburg
Johannes Steiniger,1987,CDU,Rhineland-Palatinate
Kersten Steinke,1958,The Left,Thuringia
Christian von Stetten,1970,CDU,Baden-Württemberg
Dieter Stier,1964,CDU,Saxony-Anhalt
Beatrix von Storch,1971,AfD,Berlin
Gero Storjohann,1958,CDU,Schleswig-Holstein
Stephan Stracke,1974,CSU,Bavaria
Marie-Agnes Strack-Zimmermann,1958,FDP,North Rhine-Westphalia
Friedrich Straetmanns,1961,The Left,North Rhine-Westphalia
Benjamin Strasser,1987,FDP,Baden-Württemberg
Max Straubinger,1954,CSU,Bavaria
Wolfgang Strengmann-Kuhn,1964,Greens,Hesse
Karin Strenz,1967,CDU,Mecklenburg-Vorpommern
Margit Stumpp,1963,Greens,Baden-Württemberg
Katja Suding,1975,FDP,Hamburg
Kerstin Tack,1968,SPD,Lower Saxony
Kirsten Tackmann,1960,The Left,Brandenburg
Jessica Tatti,1981,The Left,Baden-Württemberg
Peter Tauber,1974,CDU,Hesse
Claudia Tausend,1964,SPD,Bavaria
Hermann-Josef Tebroke,1964,CDU,North Rhine-Westphalia
Linda Teuteberg,1981,FDP,Brandenburg
Michael Theurer,1967,FDP,Baden-Württemberg
Michael Thews,1964,SPD,North Rhine-Westphalia
Hans-Jürgen Thies,1955,CDU,North Rhine-Westphalia
Stephan Thomae,1968,FDP,Bavaria
Alexander Throm,1968,CDU,Baden-Württemberg
Dietlind Tiemann,1955,CDU,Brandenburg
Antje Tillmann,1964,CDU,Thuringia
Manfred Todtenhausen,1950,FDP,North Rhine-Westphalia
Florian Toncar,1979,FDP,Baden-Württemberg
Markus Töns,1964,SPD,North Rhine-Westphalia
Carsten Träger,1973,SPD,Bavaria
Markus Tressel,1977,Greens,Saarland
Jürgen Trittin,1954,Greens,Lower Saxony
Markus Uhl],1979,CDU,Saarland
Andrew Ullmann,1963,FDP,Bavaria
Gerald Ullrich,1962,FDP,Thuringia
Volker Ullrich,1975,CSU,Bavaria
Alexander Ulrich,1971,The Left,Rhineland-Palatinate
Arnold Vaatz,1955,CDU,Saxony
Julia Verlinden,1979,Greens,Lower Saxony
Kerstin Vieregge,1976,CDU,North Rhine-Westphalia
Johannes Vogel,1982,FDP,North Rhine-Westphalia
Volkmar Vogel,1959,CDU,Thuringia
Kathrin Vogler,1963,The Left,North Rhine-Westphalia
Ute Vogt,1964,SPD,Baden-Württemberg
Marja-Liisa Völlers,1984,SPD,Lower Saxony
Dirk Vöpel,1971,SPD,North Rhine-Westphalia
Christoph de Vries,1974,CDU,Hamburg
Kees de Vries,1955,CDU,Saxony-Anhalt
Johann Wadephul,1963,CDU,Schleswig-Holstein
Sahra Wagenknecht,1969,The Left,North Rhine-Westphalia
Andreas Wagner (politician),1972,The Left,Bavaria
Daniela Wagner,1957,Greens,Hesse
Beate Walter-Rosenheimer,1964,Greens,Bavaria
Marco Wanderwitz,1975,CDU,Saxony
Nina Warken,1979,CDU,Baden-Württemberg
Gabi Weber,1955,SPD,Rhineland-Palatinate
Sandra Weeser,1969,FDP,Rhineland-Palatinate
Kai Wegner,1972,CDU,Berlin
Alice Weidel,1979,AfD,Baden-Württemberg
Albert Weiler,1965,CDU,Thuringia
Harald Weinberg,1957,The Left,Bavaria
Marcus Weinberg,1967,CDU,Hamburg
Joe Weingarten,1962,SPD,Rhineland-Palatinate
Anja Weisgerber,1976,CSU,Bavaria
Peter Weiß,1956,CDU,Baden-Württemberg
Sabine Weiss,1958,CDU,North Rhine-Westphalia
Ingo Wellenreuther,1959,CDU,Baden-Württemberg
Marian Wendt,1985,CDU,Saxony
Katrin Werner,1973,The Left,Rhineland-Palatinate
Nicole Westig,1967,FDP,North Rhine-Westphalia
Bernd Westphal,1960,SPD,Lower Saxony
Harald Weyel,1959,AfD,North Rhine-Westphalia
Kai Whittaker,1985,CDU,Baden-Württemberg
Annette Widmann-Mauz,1966,CDU,Baden-Württemberg
Wolfgang Wiehle,1964,AfD,Bavaria
Dirk Wiese,1983,SPD,North Rhine-Westphalia
Bettina Wiesmann,1966,CDU,Hesse
Heiko Wildberg,1952,AfD,Rhineland-Palatinate
Katharina Willkomm,1987,FDP,North Rhine-Westphalia
Klaus-Peter Willsch,1961,CDU,Hesse
Elisabeth Winkelmeier-Becker,1962,CDU,North Rhine-Westphalia
Christian Wirth,1963,AfD,Saarland
Uwe Witt,1959,AfD,North Rhine-Westphalia
Oliver Wittke,1966,CDU,North Rhine-Westphalia
Gülistan Yüksel,1962,SPD,North Rhine-Westphalia
Hubertus Zdebel,1954,The Left,North Rhine-Westphalia
Tobias Zech,1981,CSU,Bavaria
Emmi Zeulner,1987,CSU,Bavaria
Gerhard Zickenheiner,1961,Greens,Baden-Württemberg
Dagmar Ziegler,1960,SPD,Brandenburg
Paul Ziemiak,1985,CDU,North Rhine-Westphalia
Stefan Zierke,1970,SPD,Brandenburg
Matthias Zimmer,1961,CDU,Hesse
Jens Zimmermann,1981,SPD,Hesse
Pia Zimmermann,1956,The Left,Lower Saxony
Sabine Zimmermann (politician),1960,The Left,Saxony
Kerstin Andreae,1968[478],Greens,Baden-Württemberg
Katarina Barley,1968[479],SPD,Rhineland-Palatinate
Nicola Beer,1970[480],FDP,Hesse
Ralf Brauksiepe,1967[481],CDU,North Rhine-Westphalia
Bernd Klaus Buchholz,1961[482],FDP,Schleswig-Holstein
Martin Burkert,1964[483],SPD,Bavaria
Astrid Freudenstein,1973[485],CSU,Bavaria
Sigmar Gabriel,1959[487],SPD,Lower Saxony
Stephan Harbarth,1971[489],CDU,Baden-Württemberg
Eva Högl,1969,SPD,Berlin
Johannes Kahrs,1963,SPD,Hamburg
Ulrich Kelber,1968[493],SPD,North Rhine-Westphalia
Thomas Kemmerich,1965[495],FDP,Thuringia
Ursula von der Leyen,1958[496],CDU,Lower Saxony
Burkhard Lischka,1965[497],SPD,Saxony-Anhalt
Marlene Mortler,1955[498],CSU,Bavaria
Andrea Nahles,1970[500],SPD,Rhineland-Palatinate
Carola Reimann,1967[501],SPD,Lower Saxony
Stefan Ruppert,1971,FDP,Hesse
Gerhard Schick,1972[503],Greens,Baden-Württemberg
Jimmy Schulz,1968[504],FDP,Bavaria
Manja Schüle [de],1976[506],SPD,Brandenburg
Ewald Schurer,1954[508],SPD,Bayern
Michael Stübgen [de],1959[509],CDU,Brandenburg
Oswin Veith,1961,CDU,Hesse
